1,Dr. H. Johnson,Cardiologist,johnson17@gmail.com,01xxxxxxxxx
7,Dr. Jean Grey,Gastroenterologist,jean_x@hotmail.com,01xxxxxxxxx
3,Dr. Katie Fischer,Dermatologist,katie.lock@gmail.com,01xxxxxxxxx
11,Dr. Samuel Norman,Medicine Doctor,samuel.up@gmail.com ,01xxxxxxxxx
2,Dr. Helen Cho,Cardiologist,helen.ao@yahoo.com,01xxxxxxxxx
6,Dr. Erik Selvig,Endocrinologist,erik.tr@gmail.com,01xxxxxxxxx
4,Dr. Stephen Hilton,Dermatologist,stephen2_11@gmail.com,01xxxxxxxxx
8,Dr. Abraham Erskine,Gastroenterologist ,abraham1942@gmail.com,01xxxxxxxxx
15,Dr. Andrew Doe,Peditrician ,andrew_wr2@yahoo.com,01xxxxxxxxx
10,Dr. Madeline Jay,Gynecologist,madeline107@gmail.com ,01xxxxxxxxx
5,Dr. Jane Foster,Endocrinologist,jane_ag2@tahoo.com,01xxxxxxxxx
12,Dr. Tony Banner,Medicine Doctor ,tony.edith@gmail.com,01xxxxxxxxx
13,Dr. Sam Smith,Neurologist ,sam.2f@gmail.com ,01xxxxxxxxx
14,Dr. Anna Cuberton,Neurologist ,anna_kt@gmail.com ,01xxxxxxxxx
9,Dr. Christine Palmer,Gynecologist,christine87@yahoo.com,01xxxxxxxxx
16,Dr. Beryl Wilde,Peditrician,beryl7@hotmail.com ,01xxxxxxxxx
